Timestamp,Date,Symbol,Mode,Side,EntryPrice,ClosePrice,Qty,PnL_USDT,Strategy,Regime,Reason
1773101274011,2026-03-10 00:07:54,FLOW_USDT,PAPER,BUY,0.0508,0.0512,149523.7573,59.81,LiquiditySweepStrategy,high_volatility,MANUAL
1773125400542,2026-03-10 06:50:00,SOL_USDT,PAPER,BUY,86.5900,86.2407,115.4868,-40.34,BreakoutStrategy,range,SL
1773126602881,2026-03-10 07:10:02,FLOW_USDT,PAPER,SELL,0.0602,0.0597,80791.1320,40.00,LiquiditySweepStrategy,high_volatility,SL
1773133200317,2026-03-10 09:00:00,FLOW_USDT,PAPER,SELL,0.0617,0.0641,82547.6776,-200.00,LiquiditySweepStrategy,high_volatility,SL
1773137701513,2026-03-10 10:15:01,FLOW_USDT,PAPER,SELL,0.0674,0.0698,82429.5418,-200.00,LiquiditySweepStrategy,high_volatility,SL
1773161700840,2026-03-10 16:55:00,FLOW_USDT,PAPER,SELL,0.0717,0.0735,110421.3199,-200.00,LiquiditySweepStrategy,high_volatility,SL
1773167003928,2026-03-10 18:23:23,FLOW_USDT,PAPER,SELL,0.0727,0.0680,64042.6816,298.44,LiquiditySweepStrategy,high_volatility,MANUAL
1773195608374,2026-03-11 02:20:08,VVV_USDT,PAPER,SELL,5.5320,5.6040,1807.6645,-130.09,TrendPullbackStrategy,weak_trend,SL
1773198005825,2026-03-11 03:00:05,VVV_USDT,PAPER,BUY,5.5310,5.4739,1807.9913,-103.28,LiquiditySweepStrategy,high_volatility,SL
1773199801481,2026-03-11 03:30:01,HYPE_USDT,PAPER,BUY,34.4210,34.2537,290.5203,-48.62,TrendPullbackStrategy,weak_trend,SL
1773201901229,2026-03-11 04:05:01,FLOW_USDT,PAPER,BUY,0.0621,0.0604,121399.1869,-200.00,LiquiditySweepStrategy,high_volatility,SL
1773205200688,2026-03-11 05:00:00,HYPE_USDT,PAPER,BUY,34.3750,34.6747,290.9091,87.19,TrendPullbackStrategy,strong_trend,TP
1773207607522,2026-03-11 05:40:07,VVV_USDT,PAPER,BUY,5.2340,5.1893,1910.5846,-85.35,LiquiditySweepStrategy,high_volatility,SL
1773207900765,2026-03-11 05:45:00,SOL_USDT,PAPER,SELL,86.6300,85.7693,115.4335,99.35,TrendPullbackStrategy,weak_trend,TP
1773209400711,2026-03-11 06:10:00,FLOW_USDT,PAPER,SELL,0.0654,0.0634,152928.5824,306.26,LiquiditySweepStrategy,high_volatility,TP
1773210001880,2026-03-11 06:20:01,HYPE_USDT,PAPER,BUY,34.6230,34.4397,288.8253,-52.94,TrendPullbackStrategy,weak_trend,SL
1773211504629,2026-03-11 06:45:04,HYPE_USDT,PAPER,BUY,34.5250,34.8731,289.6452,100.84,TrendPullbackStrategy,weak_trend,TP
1773214800405,2026-03-11 07:40:00,HYPE_USDT,PAPER,BUY,34.6070,34.4182,288.9589,-54.54,BreakoutStrategy,range,SL
1773217210093,2026-03-11 08:20:10,FLOW_USDT,PAPER,BUY,0.0612,0.0602,163345.3120,-162.43,LiquiditySweepStrategy,high_volatility,SL
1773219900659,2026-03-11 09:05:00,FLOW_USDT,PAPER,BUY,0.0595,0.0586,168038.9850,-158.75,LiquiditySweepStrategy,high_volatility,SL
1773221702663,2026-03-11 09:35:02,HYPE_USDT,PAPER,BUY,34.3640,34.3957,291.0022,9.22,BreakoutStrategy,range,SL
1773223209184,2026-03-11 10:00:09,FLOW_USDT,PAPER,BUY,0.0579,0.0581,172681.7475,28.73,LiquiditySweepStrategy,high_volatility,SL
1773227707085,2026-03-11 11:15:07,FLOW_USDT,PAPER,BUY,0.0573,0.0566,174367.9163,-136.95,LiquiditySweepStrategy,high_volatility,SL
1773229201582,2026-03-11 11:40:01,HYPE_USDT,PAPER,SELL,34.8140,34.9980,287.2408,-52.85,LiquiditySweepStrategy,high_volatility,SL
1773234600509,2026-03-11 13:10:00,HYPE_USDT,PAPER,SELL,35.5080,35.9623,281.6267,-127.95,LiquiditySweepStrategy,high_volatility,SL
1773234900418,2026-03-11 13:15:00,VVV_USDT,PAPER,SELL,5.4280,5.4815,1842.2992,-98.62,LiquiditySweepStrategy,high_volatility,SL
1773235200325,2026-03-11 13:20:00,HYPE_USDT,PAPER,SELL,36.0240,36.3098,277.5927,-79.34,LiquiditySweepStrategy,high_volatility,SL
1773236100373,2026-03-11 13:35:00,SOL_USDT,PAPER,SELL,86.1200,86.5674,116.1170,-51.95,LiquiditySweepStrategy,high_volatility,SL
1773236107448,2026-03-11 13:35:07,VVV_USDT,PAPER,SELL,5.5000,5.5504,1818.1818,-91.70,LiquiditySweepStrategy,high_volatility,SL
1773240000364,2026-03-11 14:40:00,HYPE_USDT,PAPER,SELL,36.0390,36.6121,277.4772,-159.03,LiquiditySweepStrategy,high_volatility,SL
1773240300898,2026-03-11 14:45:00,VVV_USDT,PAPER,SELL,5.5970,5.6880,1786.6714,-162.59,LiquiditySweepStrategy,high_volatility,SL
1773242100756,2026-03-11 15:15:00,LINK_USDT,PAPER,BUY,9.0420,8.9752,1105.9500,-73.89,TrendPullbackStrategy,weak_trend,SL
1773243300205,2026-03-11 15:35:00,SOL_USDT,PAPER,BUY,85.9600,85.2497,116.3332,-82.63,LiquiditySweepStrategy,high_volatility,SL
1773243301381,2026-03-11 15:35:01,LINK_USDT,PAPER,BUY,9.0320,8.9659,1107.1745,-73.15,LiquiditySweepStrategy,high_volatility,SL
1773245402756,2026-03-11 16:10:02,VVV_USDT,PAPER,SELL,5.6950,5.7875,1755.9263,-162.36,LiquiditySweepStrategy,high_volatility,SL
1773247501525,2026-03-11 16:45:01,VVV_USDT,PAPER,SELL,5.7430,5.8499,1741.2502,-186.17,LiquiditySweepStrategy,high_volatility,SL
1773248700930,2026-03-11 17:05:00,SOL_USDT,PAPER,SELL,86.4200,86.8686,115.7140,-51.91,LiquiditySweepStrategy,high_volatility,SL
1773249003709,2026-03-11 17:10:03,VVV_USDT,PAPER,SELL,5.9640,5.9499,1676.7270,23.68,LiquiditySweepStrategy,high_volatility,SL
1773249602821,2026-03-11 17:20:02,HYPE_USDT,PAPER,SELL,36.6930,36.5764,272.5315,31.77,BreakoutStrategy,range,SL
1773250200199,2026-03-11 17:30:00,SOL_USDT,PAPER,SELL,86.9100,87.3250,115.0616,-47.75,LiquiditySweepStrategy,high_volatility,SL
1773250501636,2026-03-11 17:35:01,VVV_USDT,PAPER,SELL,5.9600,5.9420,1677.8523,30.20,LiquiditySweepStrategy,high_volatility,SL
1773255300216,2026-03-11 18:55:00,SOL_USDT,PAPER,SELL,87.7700,87.6699,113.9341,11.40,TrendPullbackStrategy,strong_trend,SL
1773264004120,2026-03-11 21:20:04,FLOW_USDT,PAPER,BUY,0.0563,0.0564,177525.2974,16.36,BreakoutStrategy,range,SL
1773264601369,2026-03-11 21:30:01,VVV_USDT,PAPER,SELL,5.8520,5.9541,1708.8175,-174.46,LiquiditySweepStrategy,high_volatility,SL
1773267900256,2026-03-11 22:25:00,SOL_USDT,PAPER,BUY,87.1700,87.2756,114.7184,12.11,BreakoutStrategy,range,SL
1773273604314,2026-03-12 00:00:04,VVV_USDT,PAPER,SELL,5.9240,5.7335,1688.0486,321.62,LiquiditySweepStrategy,high_volatility,TP
1773273905871,2026-03-12 00:05:05,FLOW_USDT,PAPER,BUY,0.0568,0.0563,175932.4419,-98.74,LiquiditySweepStrategy,high_volatility,SL
1773282300459,2026-03-12 02:25:00,HYPE_USDT,PAPER,SELL,36.8560,36.0291,271.3262,224.36,LiquiditySweepStrategy,high_volatility,TP
1773288312049,2026-03-12 04:05:12,FLOW_USDT,PAPER,BUY,0.0536,0.0527,186601.9780,-171.97,LiquiditySweepStrategy,high_volatility,SL
1773291902076,2026-03-12 05:05:02,HYPE_USDT,PAPER,BUY,35.9400,35.9929,278.2415,14.73,BreakoutStrategy,range,SL
1773293700378,2026-03-12 05:35:00,HYPE_USDT,PAPER,SELL,36.4810,36.7062,274.1153,-61.73,LiquiditySweepStrategy,high_volatility,SL
1773296410527,2026-03-12 06:20:10,VVV_USDT,PAPER,BUY,5.6730,5.6911,1762.7358,31.84,LiquiditySweepStrategy,high_volatility,SL
1773300607067,2026-03-12 07:30:07,FLOW_USDT,PAPER,SELL,0.0560,0.0558,178443.9686,36.25,LiquiditySweepStrategy,high_volatility,SL
1773303600417,2026-03-12 08:20:00,HYPE_USDT,PAPER,SELL,37.1660,37.0812,269.0631,22.82,BreakoutStrategy,range,SL
1773308700191,2026-03-12 09:45:00,HYPE_USDT,PAPER,SELL,37.2590,37.5531,268.3915,-78.94,TrendPullbackStrategy,strong_trend,SL
1773310805066,2026-03-12 10:20:05,FLOW_USDT,PAPER,SELL,0.0559,0.0556,165674.0253,40.00,LiquiditySweepStrategy,high_volatility,SL
1773311100424,2026-03-12 10:25:00,VVV_USDT,PAPER,SELL,5.6970,5.7674,1755.3098,-123.54,LiquiditySweepStrategy,high_volatility,SL
1773314213212,2026-03-12 11:16:53,HYPE_USDT,PAPER,SELL,37.9720,37.5570,263.3519,109.29,TrendPullbackStrategy,strong_trend,MANUAL
1773316320471,2026-03-12 11:52:00,PEPE_USDT,PAPER,BUY,0.0000,0.0000,3003003003.0030,-29.10,TrendPullbackStrategy,weak_trend,SL
1773323345188,2026-03-12 13:49:05,COMP_USDT,PAPER,SELL,17.7300,17.7207,564.0158,5.25,TrendPullbackStrategy,weak_trend,SL
1773323463534,2026-03-12 13:51:03,VVV_USDT,PAPER,SELL,5.6210,5.6134,1779.0429,13.49,TrendPullbackStrategy,weak_trend,SL
1773326887067,2026-03-12 14:48:07,PIXEL_USDT,PAPER,SELL,0.0108,0.0107,924043.6149,150.25,LiquiditySweepStrategy,high_volatility,TP
1773328081518,2026-03-12 15:08:01,PIXEL_USDT,PAPER,SELL,0.0109,0.0109,913242.0091,32.30,LiquiditySweepStrategy,high_volatility,SL
1773329341759,2026-03-12 15:29:01,VVV_USDT,PAPER,SELL,5.7100,5.7299,1751.3135,-34.93,LiquiditySweepStrategy,high_volatility,SL
1773329384323,2026-03-12 15:29:44,PIXEL_USDT,PAPER,SELL,0.0110,0.0108,910829.7659,193.10,BreakoutStrategy,range,MANUAL
1773332100277,2026-03-12 16:15:00,PIXEL_USDT,PAPER,SELL,0.0109,0.0109,917010.5456,10.14,LiquiditySweepStrategy,high_volatility,SL
1773332677166,2026-03-12 16:24:37,VVV_USDT,PAPER,SELL,5.9000,5.8250,1694.9153,127.12,LiquiditySweepStrategy,high_volatility,MANUAL
1773333480570,2026-03-12 16:38:00,PIXEL_USDT,PAPER,SELL,0.0114,0.0111,879662.2097,229.64,LiquiditySweepStrategy,high_volatility,TP
1773334025015,2026-03-12 16:47:05,VVV_USDT,PAPER,SELL,5.9270,5.8800,1687.1942,79.24,LiquiditySweepStrategy,high_volatility,TP
1773334740610,2026-03-12 16:59:00,PIXEL_USDT,PAPER,SELL,0.0112,0.0112,895175.0067,16.33,LiquiditySweepStrategy,high_volatility,SL
1773334982065,2026-03-12 17:03:02,COMP_USDT,PAPER,BUY,17.8000,17.8069,561.7978,3.89,BreakoutStrategy,range,SL
1773336361739,2026-03-12 17:26:01,PIXEL_USDT,PAPER,BUY,0.0110,0.0109,910332.2713,-102.10,LiquiditySweepStrategy,high_volatility,SL
1773338044519,2026-03-12 17:54:04,PIXEL_USDT,PAPER,BUY,0.0107,0.0109,934404.7842,181.13,LiquiditySweepStrategy,high_volatility,TP
1773338165067,2026-03-12 17:56:05,COMP_USDT,PAPER,BUY,17.8800,17.8431,559.2841,-20.66,BreakoutStrategy,range,SL
1773338820791,2026-03-12 18:07:00,PIXEL_USDT,PAPER,BUY,0.0106,0.0105,946880.0303,-92.34,LiquiditySweepStrategy,high_volatility,SL
1773341529507,2026-03-12 18:52:09,PIXEL_USDT,PAPER,BUY,0.0104,0.0104,957946.1634,-49.17,LiquiditySweepStrategy,high_volatility,SL
1773342061376,2026-03-12 19:01:01,VVV_USDT,PAPER,SELL,5.9280,5.9634,1686.9096,-59.76,TrendPullbackStrategy,strong_trend,SL
1773342851061,2026-03-12 19:14:11,COMP_USDT,PAPER,BUY,17.8700,17.9293,559.5971,33.20,TrendPullbackStrategy,weak_trend,TP
1773345070548,2026-03-12 19:51:10,VVV_USDT,PAPER,SELL,6.0910,6.0832,1641.7665,12.73,TrendPullbackStrategy,weak_trend,SL
1773346680716,2026-03-12 20:18:00,PIXEL_USDT,PAPER,SELL,0.0107,0.0108,937382.8271,-96.06,LiquiditySweepStrategy,high_volatility,SL
1773350467192,2026-03-12 21:21:07,COMP_USDT,PAPER,SELL,17.8100,17.8040,561.4823,3.36,TrendPullbackStrategy,weak_trend,SL
1773350584044,2026-03-12 21:23:04,PEPE_USDT,PAPER,SELL,0.0000,0.0000,3008423586.0409,-20.77,TrendPullbackStrategy,weak_trend,SL
1773350760758,2026-03-12 21:26:00,PIXEL_USDT,PAPER,SELL,0.0106,0.0109,814465.7771,-200.00,LiquiditySweepStrategy,high_volatility,SL
1773351124201,2026-03-12 21:32:04,PIXEL_USDT,PAPER,SELL,0.0109,0.0107,919455.6822,123.69,BreakoutStrategy,range,TP
1773351668062,2026-03-12 21:41:08,COMP_USDT,PAPER,SELL,17.7900,17.7838,562.1135,3.50,TrendPullbackStrategy,weak_trend,SL
1773352561066,2026-03-12 21:56:01,COMP_USDT,PAPER,SELL,17.7800,17.8036,562.4297,-13.28,TrendPullbackStrategy,weak_trend,SL
1773357181074,2026-03-12 23:13:01,PIXEL_USDT,PAPER,BUY,0.0105,0.0104,952380.9524,-60.92,LiquiditySweepStrategy,high_volatility,SL
1773358149544,2026-03-12 23:29:09,VVV_USDT,PAPER,SELL,6.1390,6.1303,1628.9298,14.18,LiquiditySweepStrategy,high_volatility,SL
1773359164508,2026-03-12 23:46:04,PIXEL_USDT,PAPER,SELL,0.0106,0.0106,942507.0688,7.85,TrendPullbackStrategy,weak_trend,SL
1773360430076,2026-03-13 00:07:10,COMP_USDT,PAPER,BUY,17.8500,17.8046,560.2241,-25.41,TrendPullbackStrategy,weak_trend,SL
1773360720260,2026-03-13 00:12:00,PIXEL_USDT,PAPER,SELL,0.0109,0.0110,920810.3131,-130.98,LiquiditySweepStrategy,high_volatility,SL
1773361381062,2026-03-13 00:23:01,PEPE_USDT,PAPER,SELL,0.0000,0.0000,2945508100.1473,-72.34,LiquiditySweepStrategy,high_volatility,SL
1773362045042,2026-03-13 00:34:05,PEPE_USDT,PAPER,SELL,0.0000,0.0000,2929973630.2373,-77.06,LiquiditySweepStrategy,high_volatility,SL
1773363975481,2026-03-13 01:06:15,VVV_USDT,PAPER,BUY,6.0370,6.0439,1656.4519,11.50,TrendPullbackStrategy,weak_trend,SL
1773364021435,2026-03-13 01:07:01,PIXEL_USDT,PAPER,SELL,0.0108,0.0109,926097.4254,-51.68,LiquiditySweepStrategy,high_volatility,SL
1773364203039,2026-03-13 01:10:03,PIXEL_USDT,PAPER,SELL,0.0108,0.0109,927643.7848,-116.39,LiquiditySweepStrategy,high_volatility,SL
1773366962610,2026-03-13 01:56:02,PIXEL_USDT,PAPER,SELL,0.0109,0.0109,918273.6455,17.72,BreakoutStrategy,range,SL
1773369121526,2026-03-13 02:32:01,PIXEL_USDT,PAPER,SELL,0.0112,0.0113,894934.6698,-127.58,LiquiditySweepStrategy,high_volatility,SL
1773371460699,2026-03-13 03:11:00,PIXEL_USDT,PAPER,SELL,0.0127,0.0130,732808.2495,-200.00,LiquiditySweepStrategy,high_volatility,SL
1773372060338,2026-03-13 03:21:00,PIXEL_USDT,PAPER,SELL,0.0132,0.0132,754572.9933,40.00,LiquiditySweepStrategy,high_volatility,SL
1773372120429,2026-03-13 03:22:00,PIXEL_USDT,PAPER,SELL,0.0134,0.0136,747831.2893,-180.31,LiquiditySweepStrategy,high_volatility,SL
1773378180208,2026-03-13 05:03:00,PIXEL_USDT,PAPER,SELL,0.0124,0.0126,806191.5511,-188.20,LiquiditySweepStrategy,high_volatility,SL
1773378480477,2026-03-13 05:08:00,PIXEL_USDT,PAPER,SELL,0.0130,0.0132,769645.1936,-129.99,LiquiditySweepStrategy,high_volatility,SL
1773380343431,2026-03-13 05:39:03,VVV_USDT,PAPER,BUY,6.2050,6.2144,1611.6035,15.07,TrendPullbackStrategy,weak_trend,SL
1773380820819,2026-03-13 05:47:00,PIXEL_USDT,PAPER,SELL,0.0130,0.0130,740276.2223,40.00,LiquiditySweepStrategy,high_volatility,SL
1773381120764,2026-03-13 05:52:00,PIXEL_USDT,PAPER,SELL,0.0130,0.0132,768462.3069,-137.95,LiquiditySweepStrategy,high_volatility,SL
1773381660633,2026-03-13 06:01:00,PIXEL_USDT,PAPER,SELL,0.0131,0.0133,765228.0380,-188.65,LiquiditySweepStrategy,high_volatility,SL
1773383172426,2026-03-13 06:26:12,VVV_USDT,PAPER,SELL,6.2500,6.2442,1600.0000,9.35,BreakoutStrategy,range,SL
1773383582208,2026-03-13 06:33:02,PIXEL_USDT,PAPER,SELL,0.0131,0.0130,532945.0019,40.00,LiquiditySweepStrategy,high_volatility,SL
1773385260835,2026-03-13 07:01:00,PIXEL_USDT,PAPER,SELL,0.0132,0.0134,757575.7576,-138.36,LiquiditySweepStrategy,high_volatility,SL
1773385262434,2026-03-13 07:01:02,VVV_USDT,PAPER,SELL,6.2810,6.3066,1592.1032,-40.73,TrendPullbackStrategy,weak_trend,SL
1773385860243,2026-03-13 07:11:00,PIXEL_USDT,PAPER,SELL,0.0151,0.0155,439391.0312,-200.00,LiquiditySweepStrategy,high_volatility,SL
1773386460533,2026-03-13 07:21:00,PIXEL_USDT,PAPER,SELL,0.0159,0.0164,405424.9565,-200.00,LiquiditySweepStrategy,high_volatility,SL
1773386882272,2026-03-13 07:28:02,VVV_USDT,PAPER,BUY,6.2900,6.3477,1589.8251,91.65,TrendPullbackStrategy,weak_trend,TP
1773388330048,2026-03-13 07:52:10,PEPE_USDT,PAPER,BUY,0.0000,0.0000,2899391127.8631,5.23,TrendPullbackStrategy,weak_trend,SL
1773388502524,2026-03-13 07:55:02,PEPE_USDT,PAPER,BUY,0.0000,0.0000,2896871378.9108,-25.54,TrendPullbackStrategy,weak_trend,SL
1773388980817,2026-03-13 08:03:00,PIXEL_USDT,PAPER,SELL,0.0160,0.0159,524268.8794,40.00,LiquiditySweepStrategy,high_volatility,SL
1773390363773,2026-03-13 08:26:03,VVV_USDT,PAPER,SELL,6.4400,6.5238,1552.7950,-130.18,LiquiditySweepStrategy,high_volatility,SL
1773390962240,2026-03-13 08:36:02,VVV_USDT,PAPER,SELL,6.4980,6.5668,1538.9351,-105.82,LiquiditySweepStrategy,high_volatility,SL
1773391861701,2026-03-13 08:51:01,PIXEL_USDT,PAPER,BUY,0.0148,0.0149,674763.8327,27.68,LiquiditySweepStrategy,high_volatility,SL
1773391924215,2026-03-13 08:52:04,VVV_USDT,PAPER,SELL,6.5350,6.5938,1530.2219,-89.99,TrendPullbackStrategy,strong_trend,SL
1773392889795,2026-03-13 09:08:09,VVV_USDT,PAPER,SELL,6.6600,6.7183,1501.5015,-87.51,LiquiditySweepStrategy,high_volatility,SL
1773393240344,2026-03-13 09:14:00,PIXEL_USDT,PAPER,SELL,0.0154,0.0156,648929.2667,-123.16,LiquiditySweepStrategy,high_volatility,SL
1773393420403,2026-03-13 09:17:00,PIXEL_USDT,PAPER,SELL,0.0157,0.0159,638569.6041,-135.76,LiquiditySweepStrategy,high_volatility,SL
1773393903056,2026-03-13 09:25:03,PIXEL_USDT,PAPER,SELL,0.0159,0.0158,629524.7088,28.92,LiquiditySweepStrategy,high_volatility,SL
1773395520376,2026-03-13 09:52:00,PIXEL_USDT,PAPER,SELL,0.0158,0.0157,473156.2883,40.00,LiquiditySweepStrategy,high_volatility,SL
1773396060348,2026-03-13 10:01:00,PIXEL_USDT,PAPER,SELL,0.0157,0.0154,636861.5463,180.71,LiquiditySweepStrategy,high_volatility,TP
1773397025639,2026-03-13 10:17:05,VVV_USDT,PAPER,BUY,6.5950,6.6110,1516.3002,24.26,TrendPullbackStrategy,weak_trend,SL
1773397140382,2026-03-13 10:19:00,PIXEL_USDT,PAPER,SELL,0.0157,0.0157,635324.0152,21.64,LiquiditySweepStrategy,high_volatility,SL
1773398040493,2026-03-13 10:34:00,PIXEL_USDT,PAPER,SELL,0.0157,0.0160,637308.0110,-186.96,LiquiditySweepStrategy,high_volatility,SL
